<?xml version="1.0" encoding="utf-8"?>
<Defs>

<HediffDef>
    <defName>Original</defName>
    <label>original</label>
    <description>A living being with healing powers bestowed upon them by the Original Vampires or their descendants. They have the ability to resurrect after death, provided their heart remains intact.</description>
    <defaultLabelColor>(164,64,225)</defaultLabelColor>
    <initialSeverity>0.3</initialSeverity>
    <stages>
      <li>
        <label>Mortal</label>
        <becomeVisible>false</becomeVisible>
      </li>
       <li>
        <label>Lowblood</label>
        <minSeverity>0.5</minSeverity>
     </li>
       <li>
        <label>Fullblood</label>
        <minSeverity>1</minSeverity>
        <painFactor>.9</painFactor>
     </li>
       <li>
        <label>Highblood</label>
        <minSeverity>1.5</minSeverity>
        <painFactor>0.4</painFactor>
            <capMods>
            <li>
              <capacity>Consciousness</capacity>
              <postFactor>1.05</postFactor>
            </li>
        <li>
          <capacity>Manipulation</capacity>
          <postFactor>1.05</postFactor>
        </li>
            </capMods>
      </li>
       <li>
        <label>Original</label>
        <minSeverity>2.5</minSeverity>
        <painFactor>0.15</painFactor>
            <capMods>
            <li>
              <capacity>Consciousness</capacity>
              <postFactor>1.2</postFactor>
            </li>
              <li>
                <capacity>Moving</capacity>
                <postFactor>1.1</postFactor>
              </li>
        <li>
          <capacity>Manipulation</capacity>
          <postFactor>1.1</postFactor>
        </li>
            </capMods>
      </li>
    </stages>
  </HediffDef>

    <HediffDef>
    <defName>O_ResStatus</defName>
    <defaultLabelColor>(1, 1, 1)</defaultLabelColor>
    <description>Resurrection Status hediff, approximates what stage of resurrection an Original is on.</description>
    <label>Resurrecting</label>
    <maxSeverity>6.0</maxSeverity>
    <stages>
      <li>
        <label>Reanimating</label>
       </li>
       <li>
        <label>Closing skin</label>
        <minSeverity>0.13</minSeverity>
     </li>
            <li>
        <label>Knitting flesh</label>
        <minSeverity>.3</minSeverity>
     </li>
            <li>
        <label>Healing wounds</label>
        <minSeverity>.5</minSeverity>
     </li>
            <li>
        <label>Regrowing</label>
        <minSeverity>1</minSeverity>
     </li>
    </stages>
  </HediffDef>

      <HediffDef>
    <defName>O_RegenBodyPart</defName>
    <hediffClass>HediffWithComps</hediffClass>
    <defaultLabelColor>(76, 227, 73)</defaultLabelColor>
    <description>This body part is regrowing, and is not yet fully functional.</description>
    <label>Regrowing</label>
    <maxSeverity>1.5</maxSeverity>
        <comps>
      <li Class="HediffCompProperties_SeverityPerDay">
        <severityPerDay>-1</severityPerDay>
      </li>
    </comps>
    <stages>
       <li>
        <label>Integrating</label>
        <minSeverity>0.2</minSeverity>
        <painOffset>0.05</painOffset>
        <partEfficiencyOffset>-0.2</partEfficiencyOffset>
     </li>
            <li>
        <label>Shaping</label>
        <minSeverity>.3</minSeverity>
        <painOffset>0.15</painOffset>
        <partEfficiencyOffset>-0.6</partEfficiencyOffset>
     </li>
            <li>
        <label>Forming</label>
        <minSeverity>.7</minSeverity>
        <painOffset>0.2</painOffset>
        <partEfficiencyOffset>-1.0</partEfficiencyOffset>
        </li>
    </stages>
  </HediffDef>


        <HediffDef>
    <defName>O_Staked</defName>
    <hediffClass>HediffWithComps</hediffClass>
    <defaultLabelColor>(76, 227, 73)</defaultLabelColor>
    <description>A stake has been shoved through the heart, preventing all but the most powerful Originals from resurrecting.</description>
    <label>Staked</label>
    <maxSeverity>5</maxSeverity>
        <comps>
      <li Class="HediffCompProperties_SeverityPerDay">
        <severityPerDay>-1</severityPerDay>
      </li>
    </comps>
    <stages>
       <li>
        <label>Staked</label>
        <minSeverity>0.01</minSeverity>
        <painOffset>1</painOffset>
            <capMods>
              <li>
                <capacity>Consciousness</capacity>
                <setMax>.1</setMax>
              </li>
              <li>
                <capacity>Moving</capacity>
                <offset>-0.5</offset>
              </li>
            </capMods>
      </li>
    </stages>
  </HediffDef>
	
</Defs>