<?xml version="1.0" encoding="utf-8"?>
<ModMetaData>
  <name>Originals</name>
  <author>Kwang4</author>
  <packageId>Kwang4.Originals</packageId>
  <description>Spinoff of fridgeBaron's Immortals mod, but based off of TVD's Vampire immortality.</description>
  <url></url>
  <supportedVersions>
    <li>1.2</li>
    <li>1.3</li>
  </supportedVersions>
  
  <modDependenciesByVersion>
    <v1.2>
      <li>
        <packageId>brrainz.harmony</packageId>
    <displayName>Harmony</displayName>
    <steamWorkshopUrl>steam://url/CommunityFilePage/2009463077</steamWorkshopUrl>
    <downloadUrl>https://github.com/pardeike/HarmonyRimWorld/releases/latest</downloadUrl>
      </li>
    </v1.2>
    <v1.3>
      <li>
        <packageId>brrainz.harmony</packageId>
		<displayName>Harmony</displayName>
		<steamWorkshopUrl>steam://url/CommunityFilePage/2009463077</steamWorkshopUrl>
		<downloadUrl>https://github.com/pardeike/HarmonyRimWorld/releases/latest</downloadUrl>
      </li>
    </v1.3>
  </modDependenciesByVersion>
  <loadAfterByVersion>
        <v1.2>
      <li>brrainz.harmony</li>
    </v1.2>
    <v1.3>
      <li>brrainz.harmony</li>
    </v1.3>
  </loadAfterByVersion>        

</ModMetaData>
